<?xml version="1.0"?>
<doc>
    <assembly>
        <name>Jellyfin.Plugin.Jellypy</name>
    </assembly>
    <members>
        <member name="T:Jellyfin.Plugin.Jellypy.Configuration.GlobalScriptSettings">
            <summary>
            Global settings for script execution.
            </summary>
        </member>
        <member name="P:Jellyfin.Plugin.Jellypy.Configuration.GlobalScriptSettings.MaxConcurrentExecutions">
            <summary>
            Gets or sets the maximum number of concurrent script executions.
            </summary>
        </member>
        <member name="P:Jellyfin.Plugin.Jellypy.Configuration.GlobalScriptSettings.DefaultTimeoutSeconds">
            <summary>
            Gets or sets the default timeout for script execution in seconds.
            </summary>
        </member>
        <member name="P:Jellyfin.Plugin.Jellypy.Configuration.GlobalScriptSettings.EnableVerboseLogging">
            <summary>
            Gets or sets a value indicating whether to enable verbose logging.
            </summary>
        </member>
        <member name="P:Jellyfin.Plugin.Jellypy.Configuration.GlobalScriptSettings.UseLegacyMode">
            <summary>
            Gets or sets a value indicating whether to use legacy mode for backward compatibility.
            </summary>
        </member>
        <member name="P:Jellyfin.Plugin.Jellypy.Configuration.GlobalScriptSettings.QueueSize">
            <summary>
            Gets or sets the script execution queue size.
            </summary>
        </member>
        <member name="T:Jellyfin.Plugin.Jellypy.Configuration.PluginConfiguration">
            <summary>
            Plugin configuration.
            </summary>
        </member>
        <member name="M:Jellyfin.Plugin.Jellypy.Configuration.PluginConfiguration.#ctor">
            <summary>
            Initializes a new instance of the <see cref="T:Jellyfin.Plugin.Jellypy.Configuration.PluginConfiguration"/> class.
            </summary>
        </member>
        <member name="P:Jellyfin.Plugin.Jellypy.Configuration.PluginConfiguration.PythonExecutablePath">
            <summary>
            Gets or sets the absolute path to the Python interpreter used to run scripts.
            </summary>
        </member>
        <member name="P:Jellyfin.Plugin.Jellypy.Configuration.PluginConfiguration.ScriptPath">
            <summary>
            Gets or sets the absolute path to the script that should be executed.
            </summary>
        </member>
        <member name="P:Jellyfin.Plugin.Jellypy.Configuration.PluginConfiguration.ScriptWorkingDirectory">
            <summary>
            Gets or sets the optional working directory for the script process.
            </summary>
        </member>
        <member name="P:Jellyfin.Plugin.Jellypy.Configuration.PluginConfiguration.AdditionalArguments">
            <summary>
            Gets or sets an optional argument string appended to every invocation.
            </summary>
        </member>
        <member name="P:Jellyfin.Plugin.Jellypy.Configuration.PluginConfiguration.EnableEpisodeProcessing">
            <summary>
            Gets or sets a value indicating whether to invoke the script for episodes.
            </summary>
        </member>
        <member name="P:Jellyfin.Plugin.Jellypy.Configuration.PluginConfiguration.EnableMovieProcessing">
            <summary>
            Gets or sets a value indicating whether to invoke the script for movies.
            </summary>
        </member>
        <member name="P:Jellyfin.Plugin.Jellypy.Configuration.PluginConfiguration.ScriptTimeoutSeconds">
            <summary>
            Gets or sets the maximum amount of time to wait for the script process to exit.
            </summary>
        </member>
        <member name="P:Jellyfin.Plugin.Jellypy.Configuration.PluginConfiguration.SonarrApiKey">
            <summary>
            Gets or sets the Sonarr API key used when invoking the script.
            </summary>
        </member>
        <member name="P:Jellyfin.Plugin.Jellypy.Configuration.PluginConfiguration.SonarrUrl">
            <summary>
            Gets or sets the Sonarr base URL used when invoking the script.
            </summary>
        </member>
        <member name="P:Jellyfin.Plugin.Jellypy.Configuration.PluginConfiguration.RadarrApiKey">
            <summary>
            Gets or sets the Radarr API key used when invoking the script.
            </summary>
        </member>
        <member name="P:Jellyfin.Plugin.Jellypy.Configuration.PluginConfiguration.RadarrUrl">
            <summary>
            Gets or sets the Radarr base URL used when invoking the script.
            </summary>
        </member>
        <member name="P:Jellyfin.Plugin.Jellypy.Configuration.PluginConfiguration.ScriptSettings">
            <summary>
            Gets the list of script settings for enhanced event handling.
            </summary>
        </member>
        <member name="P:Jellyfin.Plugin.Jellypy.Configuration.PluginConfiguration.GlobalSettings">
            <summary>
            Gets or sets global settings for script execution.
            </summary>
        </member>
        <member name="T:Jellyfin.Plugin.Jellypy.Configuration.ScriptSetting">
            <summary>
            Represents a script setting configuration.
            </summary>
        </member>
        <member name="P:Jellyfin.Plugin.Jellypy.Configuration.ScriptSetting.Id">
            <summary>
            Gets or sets the unique identifier for this script setting.
            </summary>
        </member>
        <member name="P:Jellyfin.Plugin.Jellypy.Configuration.ScriptSetting.Name">
            <summary>
            Gets or sets the name of this script setting.
            </summary>
        </member>
        <member name="P:Jellyfin.Plugin.Jellypy.Configuration.ScriptSetting.Description">
            <summary>
            Gets or sets the description of this script setting.
            </summary>
        </member>
        <member name="P:Jellyfin.Plugin.Jellypy.Configuration.ScriptSetting.Enabled">
            <summary>
            Gets or sets a value indicating whether this script setting is enabled.
            </summary>
        </member>
        <member name="P:Jellyfin.Plugin.Jellypy.Configuration.ScriptSetting.Triggers">
            <summary>
            Gets or sets the list of event types that trigger this script.
            </summary>
        </member>
        <member name="P:Jellyfin.Plugin.Jellypy.Configuration.ScriptSetting.Conditions">
            <summary>
            Gets or sets the execution conditions for this script.
            </summary>
        </member>
        <member name="P:Jellyfin.Plugin.Jellypy.Configuration.ScriptSetting.Execution">
            <summary>
            Gets or sets the script execution configuration.
            </summary>
        </member>
        <member name="P:Jellyfin.Plugin.Jellypy.Configuration.ScriptSetting.DataAttributes">
            <summary>
            Gets or sets the data attributes to pass to the script.
            </summary>
        </member>
        <member name="P:Jellyfin.Plugin.Jellypy.Configuration.ScriptSetting.Priority">
            <summary>
            Gets or sets the priority of this script (lower numbers = higher priority).
            </summary>
        </member>
        <member name="T:Jellyfin.Plugin.Jellypy.Configuration.ExecutionCondition">
            <summary>
            Represents an execution condition for a script.
            </summary>
        </member>
        <member name="P:Jellyfin.Plugin.Jellypy.Configuration.ExecutionCondition.Field">
            <summary>
            Gets or sets the field to evaluate.
            </summary>
        </member>
        <member name="P:Jellyfin.Plugin.Jellypy.Configuration.ExecutionCondition.Operator">
            <summary>
            Gets or sets the operator for the condition.
            </summary>
        </member>
        <member name="P:Jellyfin.Plugin.Jellypy.Configuration.ExecutionCondition.Value">
            <summary>
            Gets or sets the value to compare against.
            </summary>
        </member>
        <member name="P:Jellyfin.Plugin.Jellypy.Configuration.ExecutionCondition.CaseSensitive">
            <summary>
            Gets or sets a value indicating whether this condition should be case-sensitive.
            </summary>
        </member>
        <member name="T:Jellyfin.Plugin.Jellypy.Configuration.ScriptExecution">
            <summary>
            Represents the execution configuration for a script.
            </summary>
        </member>
        <member name="P:Jellyfin.Plugin.Jellypy.Configuration.ScriptExecution.ExecutorType">
            <summary>
            Gets or sets the executor type (Python, PowerShell, etc.).
            </summary>
        </member>
        <member name="P:Jellyfin.Plugin.Jellypy.Configuration.ScriptExecution.ExecutablePath">
            <summary>
            Gets or sets the path to the script executable (python, powershell, etc.).
            </summary>
        </member>
        <member name="P:Jellyfin.Plugin.Jellypy.Configuration.ScriptExecution.ScriptPath">
            <summary>
            Gets or sets the path to the script file.
            </summary>
        </member>
        <member name="P:Jellyfin.Plugin.Jellypy.Configuration.ScriptExecution.WorkingDirectory">
            <summary>
            Gets or sets the working directory for script execution.
            </summary>
        </member>
        <member name="P:Jellyfin.Plugin.Jellypy.Configuration.ScriptExecution.AdditionalArguments">
            <summary>
            Gets or sets additional command line arguments.
            </summary>
        </member>
        <member name="P:Jellyfin.Plugin.Jellypy.Configuration.ScriptExecution.EnvironmentVariables">
            <summary>
            Gets or sets environment variables to set for the script.
            </summary>
        </member>
        <member name="P:Jellyfin.Plugin.Jellypy.Configuration.ScriptExecution.TimeoutSeconds">
            <summary>
            Gets or sets the timeout in seconds for script execution.
            </summary>
        </member>
        <member name="T:Jellyfin.Plugin.Jellypy.Configuration.DataAttribute">
            <summary>
            Represents a data attribute to pass to a script.
            </summary>
        </member>
        <member name="P:Jellyfin.Plugin.Jellypy.Configuration.DataAttribute.Name">
            <summary>
            Gets or sets the name of the attribute.
            </summary>
        </member>
        <member name="P:Jellyfin.Plugin.Jellypy.Configuration.DataAttribute.SourceField">
            <summary>
            Gets or sets the source field from the event data.
            </summary>
        </member>
        <member name="P:Jellyfin.Plugin.Jellypy.Configuration.DataAttribute.Format">
            <summary>
            Gets or sets the format for the attribute value.
            </summary>
        </member>
        <member name="P:Jellyfin.Plugin.Jellypy.Configuration.DataAttribute.Required">
            <summary>
            Gets or sets whether this attribute is required.
            </summary>
        </member>
        <member name="P:Jellyfin.Plugin.Jellypy.Configuration.DataAttribute.DefaultValue">
            <summary>
            Gets or sets the default value if the source field is empty.
            </summary>
        </member>
        <member name="T:Jellyfin.Plugin.Jellypy.Configuration.ConditionOperator">
            <summary>
            Enumeration of condition operators.
            </summary>
        </member>
        <member name="F:Jellyfin.Plugin.Jellypy.Configuration.ConditionOperator.Equals">
            <summary>
            Equals comparison.
            </summary>
        </member>
        <member name="F:Jellyfin.Plugin.Jellypy.Configuration.ConditionOperator.NotEquals">
            <summary>
            Not equals comparison.
            </summary>
        </member>
        <member name="F:Jellyfin.Plugin.Jellypy.Configuration.ConditionOperator.Contains">
            <summary>
            Contains comparison.
            </summary>
        </member>
        <member name="F:Jellyfin.Plugin.Jellypy.Configuration.ConditionOperator.NotContains">
            <summary>
            Does not contain comparison.
            </summary>
        </member>
        <member name="F:Jellyfin.Plugin.Jellypy.Configuration.ConditionOperator.StartsWith">
            <summary>
            Starts with comparison.
            </summary>
        </member>
        <member name="F:Jellyfin.Plugin.Jellypy.Configuration.ConditionOperator.EndsWith">
            <summary>
            Ends with comparison.
            </summary>
        </member>
        <member name="F:Jellyfin.Plugin.Jellypy.Configuration.ConditionOperator.Regex">
            <summary>
            Regular expression match.
            </summary>
        </member>
        <member name="F:Jellyfin.Plugin.Jellypy.Configuration.ConditionOperator.GreaterThan">
            <summary>
            Greater than comparison (for numeric values).
            </summary>
        </member>
        <member name="F:Jellyfin.Plugin.Jellypy.Configuration.ConditionOperator.LessThan">
            <summary>
            Less than comparison (for numeric values).
            </summary>
        </member>
        <member name="F:Jellyfin.Plugin.Jellypy.Configuration.ConditionOperator.In">
            <summary>
            In list comparison.
            </summary>
        </member>
        <member name="F:Jellyfin.Plugin.Jellypy.Configuration.ConditionOperator.NotIn">
            <summary>
            Not in list comparison.
            </summary>
        </member>
        <member name="T:Jellyfin.Plugin.Jellypy.Configuration.ScriptExecutorType">
            <summary>
            Enumeration of script executor types.
            </summary>
        </member>
        <member name="F:Jellyfin.Plugin.Jellypy.Configuration.ScriptExecutorType.Python">
            <summary>
            Python script execution.
            </summary>
        </member>
        <member name="F:Jellyfin.Plugin.Jellypy.Configuration.ScriptExecutorType.PowerShell">
            <summary>
            PowerShell script execution.
            </summary>
        </member>
        <member name="F:Jellyfin.Plugin.Jellypy.Configuration.ScriptExecutorType.Bash">
            <summary>
            Bash/shell script execution.
            </summary>
        </member>
        <member name="F:Jellyfin.Plugin.Jellypy.Configuration.ScriptExecutorType.NodeJs">
            <summary>
            Node.js script execution.
            </summary>
        </member>
        <member name="F:Jellyfin.Plugin.Jellypy.Configuration.ScriptExecutorType.Binary">
            <summary>
            Direct binary execution.
            </summary>
        </member>
        <member name="T:Jellyfin.Plugin.Jellypy.Configuration.DataAttributeFormat">
            <summary>
            Enumeration of data attribute formats.
            </summary>
        </member>
        <member name="F:Jellyfin.Plugin.Jellypy.Configuration.DataAttributeFormat.String">
            <summary>
            Pass as string value.
            </summary>
        </member>
        <member name="F:Jellyfin.Plugin.Jellypy.Configuration.DataAttributeFormat.Json">
            <summary>
            Pass as JSON object.
            </summary>
        </member>
        <member name="F:Jellyfin.Plugin.Jellypy.Configuration.DataAttributeFormat.Environment">
            <summary>
            Pass as environment variable.
            </summary>
        </member>
        <member name="F:Jellyfin.Plugin.Jellypy.Configuration.DataAttributeFormat.Argument">
            <summary>
            Pass as command line argument.
            </summary>
        </member>
        <member name="T:Jellyfin.Plugin.Jellypy.EnhancedEntryPoint">
            <summary>
            Enhanced entry point that handles multiple Jellyfin event types.
            </summary>
        </member>
        <member name="M:Jellyfin.Plugin.Jellypy.EnhancedEntryPoint.#ctor(MediaBrowser.Controller.Session.ISessionManager,Microsoft.Extensions.DependencyInjection.IServiceScopeFactory,Microsoft.Extensions.Logging.ILogger{Jellyfin.Plugin.Jellypy.EnhancedEntryPoint})">
            <summary>
            Initializes a new instance of the <see cref="T:Jellyfin.Plugin.Jellypy.EnhancedEntryPoint"/> class.
            </summary>
            <param name="sessionManager">Session manager used to subscribe to playback events.</param>
            <param name="scopeFactory">Scope factory used to resolve scoped services.</param>
            <param name="logger">Logger instance.</param>
        </member>
        <member name="M:Jellyfin.Plugin.Jellypy.EnhancedEntryPoint.StartAsync(System.Threading.CancellationToken)">
            <inheritdoc/>
        </member>
        <member name="M:Jellyfin.Plugin.Jellypy.EnhancedEntryPoint.StopAsync(System.Threading.CancellationToken)">
            <inheritdoc/>
        </member>
        <member name="M:Jellyfin.Plugin.Jellypy.EnhancedEntryPoint.OnEvent(MediaBrowser.Controller.Library.PlaybackProgressEventArgs)">
            <inheritdoc/>
        </member>
        <member name="T:Jellyfin.Plugin.Jellypy.EntryPoint">
            <summary>
            Hosted service responsible for wiring playback events to the script runner.
            </summary>
        </member>
        <member name="M:Jellyfin.Plugin.Jellypy.EntryPoint.#ctor(MediaBrowser.Controller.Session.ISessionManager,Microsoft.Extensions.DependencyInjection.IServiceScopeFactory,Microsoft.Extensions.Logging.ILogger{Jellyfin.Plugin.Jellypy.EntryPoint})">
            <summary>
            Initializes a new instance of the <see cref="T:Jellyfin.Plugin.Jellypy.EntryPoint"/> class.
            </summary>
            <param name="sessionManager">Session manager used to subscribe to playback events.</param>
            <param name="scopeFactory">Scope factory used to resolve scoped services.</param>
            <param name="logger">Logger instance.</param>
        </member>
        <member name="M:Jellyfin.Plugin.Jellypy.EntryPoint.StartAsync(System.Threading.CancellationToken)">
            <inheritdoc/>
        </member>
        <member name="M:Jellyfin.Plugin.Jellypy.EntryPoint.StopAsync(System.Threading.CancellationToken)">
            <inheritdoc/>
        </member>
        <member name="T:Jellyfin.Plugin.Jellypy.Events.EventData">
            <summary>
            Standardized event data structure for script execution.
            </summary>
        </member>
        <member name="P:Jellyfin.Plugin.Jellypy.Events.EventData.EventType">
            <summary>
            Gets or sets the event type.
            </summary>
        </member>
        <member name="P:Jellyfin.Plugin.Jellypy.Events.EventData.Timestamp">
            <summary>
            Gets or sets the timestamp when the event occurred.
            </summary>
        </member>
        <member name="P:Jellyfin.Plugin.Jellypy.Events.EventData.UserId">
            <summary>
            Gets or sets the user ID associated with the event (if applicable).
            </summary>
        </member>
        <member name="P:Jellyfin.Plugin.Jellypy.Events.EventData.UserName">
            <summary>
            Gets or sets the user name associated with the event (if applicable).
            </summary>
        </member>
        <member name="P:Jellyfin.Plugin.Jellypy.Events.EventData.SessionId">
            <summary>
            Gets or sets the session ID associated with the event (if applicable).
            </summary>
        </member>
        <member name="P:Jellyfin.Plugin.Jellypy.Events.EventData.ItemId">
            <summary>
            Gets or sets the media item ID (if applicable).
            </summary>
        </member>
        <member name="P:Jellyfin.Plugin.Jellypy.Events.EventData.ItemName">
            <summary>
            Gets or sets the media item name (if applicable).
            </summary>
        </member>
        <member name="P:Jellyfin.Plugin.Jellypy.Events.EventData.ItemType">
            <summary>
            Gets or sets the media item type (if applicable).
            </summary>
        </member>
        <member name="P:Jellyfin.Plugin.Jellypy.Events.EventData.ItemPath">
            <summary>
            Gets or sets the media item path (if applicable).
            </summary>
        </member>
        <member name="P:Jellyfin.Plugin.Jellypy.Events.EventData.LibraryId">
            <summary>
            Gets or sets the library ID (if applicable).
            </summary>
        </member>
        <member name="P:Jellyfin.Plugin.Jellypy.Events.EventData.LibraryName">
            <summary>
            Gets or sets the library name (if applicable).
            </summary>
        </member>
        <member name="P:Jellyfin.Plugin.Jellypy.Events.EventData.AdditionalData">
            <summary>
            Gets or sets additional event-specific properties.
            </summary>
        </member>
        <member name="P:Jellyfin.Plugin.Jellypy.Events.EventData.PlaybackPositionTicks">
            <summary>
            Gets or sets playback position in ticks (for playback events).
            </summary>
        </member>
        <member name="P:Jellyfin.Plugin.Jellypy.Events.EventData.IsPaused">
            <summary>
            Gets or sets whether the playback is paused (for playback events).
            </summary>
        </member>
        <member name="P:Jellyfin.Plugin.Jellypy.Events.EventData.ClientName">
            <summary>
            Gets or sets the client name/application (if applicable).
            </summary>
        </member>
        <member name="P:Jellyfin.Plugin.Jellypy.Events.EventData.DeviceName">
            <summary>
            Gets or sets the device name (if applicable).
            </summary>
        </member>
        <member name="P:Jellyfin.Plugin.Jellypy.Events.EventData.DeviceId">
            <summary>
            Gets or sets the device ID (if applicable).
            </summary>
        </member>
        <member name="P:Jellyfin.Plugin.Jellypy.Events.EventData.SeriesName">
            <summary>
            Gets or sets the series name (for TV shows).
            </summary>
        </member>
        <member name="P:Jellyfin.Plugin.Jellypy.Events.EventData.SeasonNumber">
            <summary>
            Gets or sets the season number (for TV episodes).
            </summary>
        </member>
        <member name="P:Jellyfin.Plugin.Jellypy.Events.EventData.EpisodeNumber">
            <summary>
            Gets or sets the episode number (for TV episodes).
            </summary>
        </member>
        <member name="P:Jellyfin.Plugin.Jellypy.Events.EventData.Year">
            <summary>
            Gets or sets the movie year (for movies).
            </summary>
        </member>
        <member name="P:Jellyfin.Plugin.Jellypy.Events.EventData.Genres">
            <summary>
            Gets or sets the genres.
            </summary>
        </member>
        <member name="P:Jellyfin.Plugin.Jellypy.Events.EventData.ContentRating">
            <summary>
            Gets or sets the content rating.
            </summary>
        </member>
        <member name="T:Jellyfin.Plugin.Jellypy.Events.EventType">
            <summary>
            Enumeration of supported event types for script execution.
            </summary>
        </member>
        <member name="F:Jellyfin.Plugin.Jellypy.Events.EventType.PlaybackStart">
            <summary>
            Playback has started.
            </summary>
        </member>
        <member name="F:Jellyfin.Plugin.Jellypy.Events.EventType.PlaybackStop">
            <summary>
            Playback has stopped.
            </summary>
        </member>
        <member name="F:Jellyfin.Plugin.Jellypy.Events.EventType.PlaybackPause">
            <summary>
            Playback has been paused.
            </summary>
        </member>
        <member name="F:Jellyfin.Plugin.Jellypy.Events.EventType.PlaybackResume">
            <summary>
            Playback has resumed from pause.
            </summary>
        </member>
        <member name="F:Jellyfin.Plugin.Jellypy.Events.EventType.ItemAdded">
            <summary>
            An item has been added to the library.
            </summary>
        </member>
        <member name="F:Jellyfin.Plugin.Jellypy.Events.EventType.ItemUpdated">
            <summary>
            An existing library item has been updated.
            </summary>
        </member>
        <member name="F:Jellyfin.Plugin.Jellypy.Events.EventType.ItemRemoved">
            <summary>
            An item has been removed from the library.
            </summary>
        </member>
        <member name="F:Jellyfin.Plugin.Jellypy.Events.EventType.UserCreated">
            <summary>
            A new user has been created.
            </summary>
        </member>
        <member name="F:Jellyfin.Plugin.Jellypy.Events.EventType.UserUpdated">
            <summary>
            An existing user has been updated.
            </summary>
        </member>
        <member name="F:Jellyfin.Plugin.Jellypy.Events.EventType.UserDeleted">
            <summary>
            A user has been deleted.
            </summary>
        </member>
        <member name="F:Jellyfin.Plugin.Jellypy.Events.EventType.SessionStart">
            <summary>
            A user session has started.
            </summary>
        </member>
        <member name="F:Jellyfin.Plugin.Jellypy.Events.EventType.SessionEnd">
            <summary>
            A user session has ended.
            </summary>
        </member>
        <member name="F:Jellyfin.Plugin.Jellypy.Events.EventType.ServerStartup">
            <summary>
            Server has started up.
            </summary>
        </member>
        <member name="F:Jellyfin.Plugin.Jellypy.Events.EventType.ServerShutdown">
            <summary>
            Server is shutting down.
            </summary>
        </member>
        <member name="T:Jellyfin.Plugin.Jellypy.Events.Handlers.PlaybackStartHandler">
            <summary>
            Handler for playback start events.
            </summary>
        </member>
        <member name="M:Jellyfin.Plugin.Jellypy.Events.Handlers.PlaybackStartHandler.#ctor(Microsoft.Extensions.Logging.ILogger{Jellyfin.Plugin.Jellypy.Events.Handlers.PlaybackStartHandler},Jellyfin.Plugin.Jellypy.Events.IScriptExecutionService)">
            <summary>
            Initializes a new instance of the <see cref="T:Jellyfin.Plugin.Jellypy.Events.Handlers.PlaybackStartHandler"/> class.
            </summary>
            <param name="logger">The logger.</param>
            <param name="scriptExecutionService">The script execution service.</param>
        </member>
        <member name="P:Jellyfin.Plugin.Jellypy.Events.Handlers.PlaybackStartHandler.EventType">
            <inheritdoc />
        </member>
        <member name="M:Jellyfin.Plugin.Jellypy.Events.Handlers.PlaybackStartHandler.CanHandle(MediaBrowser.Controller.Library.PlaybackProgressEventArgs)">
            <inheritdoc />
        </member>
        <member name="M:Jellyfin.Plugin.Jellypy.Events.Handlers.PlaybackStartHandler.ExtractEventData(MediaBrowser.Controller.Library.PlaybackProgressEventArgs)">
            <inheritdoc />
        </member>
        <member name="M:Jellyfin.Plugin.Jellypy.Events.Handlers.PlaybackStartHandler.HandleAsync(MediaBrowser.Controller.Library.PlaybackProgressEventArgs)">
            <inheritdoc />
        </member>
        <member name="T:Jellyfin.Plugin.Jellypy.Events.Handlers.PlaybackStopHandler">
            <summary>
            Handler for playback stop events.
            </summary>
        </member>
        <member name="M:Jellyfin.Plugin.Jellypy.Events.Handlers.PlaybackStopHandler.#ctor(Microsoft.Extensions.Logging.ILogger{Jellyfin.Plugin.Jellypy.Events.Handlers.PlaybackStopHandler},Jellyfin.Plugin.Jellypy.Events.IScriptExecutionService)">
            <summary>
            Initializes a new instance of the <see cref="T:Jellyfin.Plugin.Jellypy.Events.Handlers.PlaybackStopHandler"/> class.
            </summary>
            <param name="logger">The logger.</param>
            <param name="scriptExecutionService">The script execution service.</param>
        </member>
        <member name="P:Jellyfin.Plugin.Jellypy.Events.Handlers.PlaybackStopHandler.EventType">
            <inheritdoc />
        </member>
        <member name="M:Jellyfin.Plugin.Jellypy.Events.Handlers.PlaybackStopHandler.CanHandle(MediaBrowser.Controller.Library.PlaybackStopEventArgs)">
            <inheritdoc />
        </member>
        <member name="M:Jellyfin.Plugin.Jellypy.Events.Handlers.PlaybackStopHandler.ExtractEventData(MediaBrowser.Controller.Library.PlaybackStopEventArgs)">
            <inheritdoc />
        </member>
        <member name="M:Jellyfin.Plugin.Jellypy.Events.Handlers.PlaybackStopHandler.HandleAsync(MediaBrowser.Controller.Library.PlaybackStopEventArgs)">
            <inheritdoc />
        </member>
        <member name="T:Jellyfin.Plugin.Jellypy.Events.IGenericEventHandler`1">
            <summary>
            Generic event handler interface for processing various Jellyfin events.
            </summary>
            <typeparam name="T">The event arguments type.</typeparam>
        </member>
        <member name="P:Jellyfin.Plugin.Jellypy.Events.IGenericEventHandler`1.EventType">
            <summary>
            Gets the event type this handler processes.
            </summary>
        </member>
        <member name="M:Jellyfin.Plugin.Jellypy.Events.IGenericEventHandler`1.CanHandle(`0)">
            <summary>
            Determines if this handler should process the given event.
            </summary>
            <param name="eventArgs">The event arguments.</param>
            <returns>True if the handler should process the event, false otherwise.</returns>
        </member>
        <member name="M:Jellyfin.Plugin.Jellypy.Events.IGenericEventHandler`1.ExtractEventData(`0)">
            <summary>
            Processes the event and extracts relevant data.
            </summary>
            <param name="eventArgs">The event arguments.</param>
            <returns>The extracted event data.</returns>
        </member>
        <member name="M:Jellyfin.Plugin.Jellypy.Events.IGenericEventHandler`1.HandleAsync(`0)">
            <summary>
            Handles the event asynchronously.
            </summary>
            <param name="eventArgs">The event arguments.</param>
            <returns>A task representing the asynchronous operation.</returns>
        </member>
        <member name="T:Jellyfin.Plugin.Jellypy.Events.IScriptExecutionService">
            <summary>
            Service for executing scripts based on events.
            </summary>
        </member>
        <member name="M:Jellyfin.Plugin.Jellypy.Events.IScriptExecutionService.ExecuteScriptsAsync(Jellyfin.Plugin.Jellypy.Events.EventData)">
            <summary>
            Executes all configured scripts for the given event data.
            </summary>
            <param name="eventData">The event data.</param>
            <returns>A task representing the asynchronous operation.</returns>
        </member>
        <member name="T:Jellyfin.Plugin.Jellypy.ExecuteScript">
            <summary>
            Service responsible for executing the configured external script on playback events.
            </summary>
        </member>
        <member name="M:Jellyfin.Plugin.Jellypy.ExecuteScript.#ctor(Microsoft.Extensions.Logging.ILogger{Jellyfin.Plugin.Jellypy.ExecuteScript})">
            <summary>
            Initializes a new instance of the <see cref="T:Jellyfin.Plugin.Jellypy.ExecuteScript"/> class.
            </summary>
            <param name="logger">Logger instance.</param>
        </member>
        <member name="M:Jellyfin.Plugin.Jellypy.ExecuteScript.OnEvent(MediaBrowser.Controller.Library.PlaybackProgressEventArgs)">
            <inheritdoc/>
        </member>
        <member name="M:Jellyfin.Plugin.Jellypy.ExecuteScript.RunScript(MediaBrowser.Controller.Library.PlaybackProgressEventArgs)">
            <summary>
            Executes the configured script for the supplied playback event.
            </summary>
            <param name="eventArgs">Playback instance arguments.</param>
            <returns>The captured standard output from the script, if any.</returns>
        </member>
        <member name="M:Jellyfin.Plugin.Jellypy.ExecuteScript.Dispose">
            <summary>
            Performs application-defined tasks associated with freeing, releasing, or resetting unmanaged resources.
            </summary>
        </member>
        <member name="M:Jellyfin.Plugin.Jellypy.ExecuteScript.Dispose(System.Boolean)">
            <summary>
            Performs application-defined tasks associated with freeing, releasing, or resetting unmanaged resources.
            </summary>
            <param name="disposing">True if disposing from user code, false if called from finalizer.</param>
        </member>
        <member name="T:Jellyfin.Plugin.Jellypy.Plugin">
            <summary>
            The main plugin.
            </summary>
        </member>
        <member name="M:Jellyfin.Plugin.Jellypy.Plugin.#ctor(MediaBrowser.Common.Configuration.IApplicationPaths,MediaBrowser.Model.Serialization.IXmlSerializer)">
            <summary>
            Initializes a new instance of the <see cref="T:Jellyfin.Plugin.Jellypy.Plugin"/> class.
            </summary>
            <param name="applicationPaths">Instance of the IApplicationPaths interface.</param>
            <param name="xmlSerializer">Instance of the IXmlSerializer interface.</param>
        </member>
        <member name="P:Jellyfin.Plugin.Jellypy.Plugin.Name">
            <inheritdoc />
        </member>
        <member name="P:Jellyfin.Plugin.Jellypy.Plugin.Id">
            <inheritdoc />
        </member>
        <member name="P:Jellyfin.Plugin.Jellypy.Plugin.Instance">
            <summary>
            Gets the current plugin instance.
            </summary>
        </member>
        <member name="M:Jellyfin.Plugin.Jellypy.Plugin.GetPages">
            <inheritdoc />
        </member>
        <member name="T:Jellyfin.Plugin.Jellypy.PluginServiceRegistrator">
            <summary>
            Register plugin services for enhanced event handling.
            </summary>
        </member>
        <member name="M:Jellyfin.Plugin.Jellypy.PluginServiceRegistrator.RegisterServices(Microsoft.Extensions.DependencyInjection.IServiceCollection,MediaBrowser.Controller.IServerApplicationHost)">
            <inheritdoc />
        </member>
        <member name="T:Jellyfin.Plugin.Jellypy.Services.ConditionEvaluator">
            <summary>
            Service for evaluating execution conditions against event data.
            </summary>
        </member>
        <member name="M:Jellyfin.Plugin.Jellypy.Services.ConditionEvaluator.#ctor(Microsoft.Extensions.Logging.ILogger{Jellyfin.Plugin.Jellypy.Services.ConditionEvaluator})">
            <summary>
            Initializes a new instance of the <see cref="T:Jellyfin.Plugin.Jellypy.Services.ConditionEvaluator"/> class.
            </summary>
            <param name="logger">The logger.</param>
        </member>
        <member name="M:Jellyfin.Plugin.Jellypy.Services.ConditionEvaluator.EvaluateConditions(System.Collections.Generic.IEnumerable{Jellyfin.Plugin.Jellypy.Configuration.ExecutionCondition},Jellyfin.Plugin.Jellypy.Events.EventData)">
            <summary>
            Evaluates whether all conditions are met for the given event data.
            </summary>
            <param name="conditions">The conditions to evaluate.</param>
            <param name="eventData">The event data to evaluate against.</param>
            <returns>True if all conditions are met, false otherwise.</returns>
        </member>
        <member name="M:Jellyfin.Plugin.Jellypy.Services.ConditionEvaluator.EvaluateCondition(Jellyfin.Plugin.Jellypy.Configuration.ExecutionCondition,Jellyfin.Plugin.Jellypy.Events.EventData)">
            <summary>
            Evaluates a single condition against event data.
            </summary>
            <param name="condition">The condition to evaluate.</param>
            <param name="eventData">The event data to evaluate against.</param>
            <returns>True if the condition is met, false otherwise.</returns>
        </member>
        <member name="T:Jellyfin.Plugin.Jellypy.Services.DataAttributeProcessor">
            <summary>
            Service for processing data attributes and converting them to script arguments and environment variables.
            </summary>
        </member>
        <member name="M:Jellyfin.Plugin.Jellypy.Services.DataAttributeProcessor.#ctor(Microsoft.Extensions.Logging.ILogger{Jellyfin.Plugin.Jellypy.Services.DataAttributeProcessor})">
            <summary>
            Initializes a new instance of the <see cref="T:Jellyfin.Plugin.Jellypy.Services.DataAttributeProcessor"/> class.
            </summary>
            <param name="logger">The logger.</param>
        </member>
        <member name="M:Jellyfin.Plugin.Jellypy.Services.DataAttributeProcessor.ProcessDataAttributes(System.Collections.Generic.IEnumerable{Jellyfin.Plugin.Jellypy.Configuration.DataAttribute},Jellyfin.Plugin.Jellypy.Events.EventData)">
            <summary>
            Processes data attributes and returns script arguments and environment variables.
            </summary>
            <param name="dataAttributes">The data attributes to process.</param>
            <param name="eventData">The event data to extract values from.</param>
            <returns>A tuple containing arguments and environment variables.</returns>
        </member>
        <member name="M:Jellyfin.Plugin.Jellypy.Services.DataAttributeProcessor.CreateDefaultDataAttributes(Jellyfin.Plugin.Jellypy.Events.EventType)">
            <summary>
            Creates default data attributes for common use cases.
            </summary>
            <param name="eventType">The event type to create attributes for.</param>
            <returns>A list of default data attributes.</returns>
        </member>
        <member name="T:Jellyfin.Plugin.Jellypy.Services.ScriptExecutionService">
            <summary>
            Service responsible for executing scripts based on events.
            </summary>
        </member>
        <member name="M:Jellyfin.Plugin.Jellypy.Services.ScriptExecutionService.#ctor(Microsoft.Extensions.Logging.ILogger{Jellyfin.Plugin.Jellypy.Services.ScriptExecutionService},Jellyfin.Plugin.Jellypy.Services.ConditionEvaluator,Jellyfin.Plugin.Jellypy.Services.DataAttributeProcessor)">
            <summary>
            Initializes a new instance of the <see cref="T:Jellyfin.Plugin.Jellypy.Services.ScriptExecutionService"/> class.
            </summary>
            <param name="logger">The logger.</param>
            <param name="conditionEvaluator">The condition evaluator service.</param>
            <param name="dataAttributeProcessor">The data attribute processor service.</param>
        </member>
        <member name="M:Jellyfin.Plugin.Jellypy.Services.ScriptExecutionService.ExecuteScriptsAsync(Jellyfin.Plugin.Jellypy.Events.EventData)">
            <inheritdoc />
        </member>
        <member name="M:Jellyfin.Plugin.Jellypy.Services.ScriptExecutionService.Dispose">
            <inheritdoc />
        </member>
        <member name="M:Jellyfin.Plugin.Jellypy.Services.ScriptExecutionService.Dispose(System.Boolean)">
            <summary>
            Performs application-defined tasks associated with freeing, releasing, or resetting unmanaged resources.
            </summary>
            <param name="disposing">True if disposing from user code, false if called from finalizer.</param>
        </member>
    </members>
</doc>
