<?xml version="1.0"?>
<doc>
    <assembly>
        <name>Jellyfin.Plugin.Jellypy</name>
    </assembly>
    <members>
        <member name="T:Jellyfin.Plugin.Jellypy.Configuration.GlobalScriptSettings">
            <summary>
            Global settings for script execution.
            </summary>
        </member>
        <member name="P:Jellyfin.Plugin.Jellypy.Configuration.GlobalScriptSettings.MaxConcurrentExecutions">
            <summary>
            Gets or sets the maximum number of concurrent script executions.
            </summary>
        </member>
        <member name="P:Jellyfin.Plugin.Jellypy.Configuration.GlobalScriptSettings.DefaultTimeoutSeconds">
            <summary>
            Gets or sets the default timeout for script execution in seconds.
            </summary>
        </member>
        <member name="P:Jellyfin.Plugin.Jellypy.Configuration.GlobalScriptSettings.EnableVerboseLogging">
            <summary>
            Gets or sets a value indicating whether to enable verbose logging.
            </summary>
        </member>
        <member name="P:Jellyfin.Plugin.Jellypy.Configuration.GlobalScriptSettings.UseLegacyMode">
            <summary>
            Gets or sets a value indicating whether to use legacy mode for backward compatibility.
            </summary>
        </member>
        <member name="P:Jellyfin.Plugin.Jellypy.Configuration.GlobalScriptSettings.QueueSize">
            <summary>
            Gets or sets the script execution queue size.
            </summary>
        </member>
        <member name="T:Jellyfin.Plugin.Jellypy.Configuration.JellyPyApiController">
            <summary>
            API controller for JellyPy plugin configuration endpoints.
            </summary>
        </member>
        <member name="M:Jellyfin.Plugin.Jellypy.Configuration.JellyPyApiController.#ctor(Microsoft.Extensions.Logging.ILogger{Jellyfin.Plugin.Jellypy.Configuration.JellyPyApiController})">
            <summary>
            Initializes a new instance of the <see cref="T:Jellyfin.Plugin.Jellypy.Configuration.JellyPyApiController"/> class.
            </summary>
            <param name="logger">The logger.</param>
        </member>
        <member name="M:Jellyfin.Plugin.Jellypy.Configuration.JellyPyApiController.GetAvailableScripts">
            <summary>
            Gets available script files from the scripts directory.
            </summary>
            <returns>List of available script files.</returns>
        </member>
        <member name="T:Jellyfin.Plugin.Jellypy.Configuration.ScriptFile">
            <summary>
            Represents a script file.
            </summary>
        </member>
        <member name="P:Jellyfin.Plugin.Jellypy.Configuration.ScriptFile.Name">
            <summary>
            Gets or sets the file name.
            </summary>
        </member>
        <member name="P:Jellyfin.Plugin.Jellypy.Configuration.ScriptFile.Path">
            <summary>
            Gets or sets the full file path.
            </summary>
        </member>
        <member name="P:Jellyfin.Plugin.Jellypy.Configuration.ScriptFile.RelativePath">
            <summary>
            Gets or sets the relative path from the scripts directory.
            </summary>
        </member>
        <member name="P:Jellyfin.Plugin.Jellypy.Configuration.ScriptFile.Directory">
            <summary>
            Gets or sets the directory containing the script.
            </summary>
        </member>
        <member name="T:Jellyfin.Plugin.Jellypy.Configuration.PluginConfiguration">
            <summary>
            Plugin configuration.
            </summary>
        </member>
        <member name="M:Jellyfin.Plugin.Jellypy.Configuration.PluginConfiguration.#ctor">
            <summary>
            Initializes a new instance of the <see cref="T:Jellyfin.Plugin.Jellypy.Configuration.PluginConfiguration"/> class.
            </summary>
        </member>
        <member name="P:Jellyfin.Plugin.Jellypy.Configuration.PluginConfiguration.PythonExecutablePath">
            <summary>
            Gets or sets the absolute path to the Python interpreter used to run scripts.
            </summary>
        </member>
        <member name="P:Jellyfin.Plugin.Jellypy.Configuration.PluginConfiguration.ScriptPath">
            <summary>
            Gets or sets the absolute path to the script that should be executed.
            </summary>
        </member>
        <member name="P:Jellyfin.Plugin.Jellypy.Configuration.PluginConfiguration.ScriptWorkingDirectory">
            <summary>
            Gets or sets the optional working directory for the script process.
            </summary>
        </member>
        <member name="P:Jellyfin.Plugin.Jellypy.Configuration.PluginConfiguration.AdditionalArguments">
            <summary>
            Gets or sets an optional argument string appended to every invocation.
            </summary>
        </member>
        <member name="P:Jellyfin.Plugin.Jellypy.Configuration.PluginConfiguration.EnableEpisodeProcessing">
            <summary>
            Gets or sets a value indicating whether to invoke the script for episodes.
            </summary>
        </member>
        <member name="P:Jellyfin.Plugin.Jellypy.Configuration.PluginConfiguration.EnableMovieProcessing">
            <summary>
            Gets or sets a value indicating whether to invoke the script for movies.
            </summary>
        </member>
        <member name="P:Jellyfin.Plugin.Jellypy.Configuration.PluginConfiguration.ScriptTimeoutSeconds">
            <summary>
            Gets or sets the maximum amount of time to wait for the script process to exit.
            </summary>
        </member>
        <member name="P:Jellyfin.Plugin.Jellypy.Configuration.PluginConfiguration.SonarrApiKey">
            <summary>
            Gets or sets the Sonarr API key used when invoking the script.
            </summary>
        </member>
        <member name="P:Jellyfin.Plugin.Jellypy.Configuration.PluginConfiguration.SonarrUrl">
            <summary>
            Gets or sets the Sonarr base URL used when invoking the script.
            </summary>
        </member>
        <member name="P:Jellyfin.Plugin.Jellypy.Configuration.PluginConfiguration.RadarrApiKey">
            <summary>
            Gets or sets the Radarr API key used when invoking the script.
            </summary>
        </member>
        <member name="P:Jellyfin.Plugin.Jellypy.Configuration.PluginConfiguration.RadarrUrl">
            <summary>
            Gets or sets the Radarr base URL used when invoking the script.
            </summary>
        </member>
        <member name="P:Jellyfin.Plugin.Jellypy.Configuration.PluginConfiguration.EnableNativeSonarrIntegration">
            <summary>
            Gets or sets a value indicating whether native Sonarr integration is enabled.
            When enabled, episodes will be automatically downloaded without requiring Python scripts.
            </summary>
        </member>
        <member name="P:Jellyfin.Plugin.Jellypy.Configuration.PluginConfiguration.EnableNativeRadarrIntegration">
            <summary>
            Gets or sets a value indicating whether native Radarr integration is enabled.
            When enabled, movies will be automatically unmonitored after watching without requiring Python scripts.
            </summary>
        </member>
        <member name="P:Jellyfin.Plugin.Jellypy.Configuration.PluginConfiguration.EpisodeDownloadBuffer">
            <summary>
            Gets or sets the number of next episodes to download when watching a TV show.
            Default is 5 episodes.
            </summary>
        </member>
        <member name="P:Jellyfin.Plugin.Jellypy.Configuration.PluginConfiguration.AutoSearchEpisodes">
            <summary>
            Gets or sets a value indicating whether to automatically search for next episodes.
            When true, triggers Sonarr to search for the next episodes immediately.
            </summary>
        </member>
        <member name="P:Jellyfin.Plugin.Jellypy.Configuration.PluginConfiguration.MonitorFutureEpisodes">
            <summary>
            Gets or sets a value indicating whether to monitor future episodes automatically.
            When true and remaining episodes are less than the buffer, all future episodes will be monitored.
            </summary>
        </member>
        <member name="P:Jellyfin.Plugin.Jellypy.Configuration.PluginConfiguration.UnmonitorWatchedMovies">
            <summary>
            Gets or sets a value indicating whether to unmonitor movies after they are watched.
            When true, sets movies to unmonitored in Radarr when playback starts.
            </summary>
        </member>
        <member name="P:Jellyfin.Plugin.Jellypy.Configuration.PluginConfiguration.SkipEpisodesWithFiles">
            <summary>
            Gets or sets a value indicating whether to skip monitoring episodes that already have files.
            When true, only monitors episodes that are missing files (default behavior).
            When false, monitors all next episodes regardless of file existence (useful for upgrades).
            </summary>
        </member>
        <member name="P:Jellyfin.Plugin.Jellypy.Configuration.PluginConfiguration.UnmonitorWatchedEpisodes">
            <summary>
            Gets or sets a value indicating whether to unmonitor episodes after watching them.
            When false, episodes remain monitored after watching (useful for quality upgrades).
            Default is true.
            </summary>
        </member>
        <member name="P:Jellyfin.Plugin.Jellypy.Configuration.PluginConfiguration.MonitorOnlyCurrentSeason">
            <summary>
            Gets or sets a value indicating whether to only monitor episodes in the current season being watched.
            When true, only monitors episodes in the same season as the episode you just watched.
            Episodes in future seasons will not be monitored until you start watching that season.
            Default is false (monitors episodes across all future seasons).
            </summary>
        </member>
        <member name="P:Jellyfin.Plugin.Jellypy.Configuration.PluginConfiguration.MinimumEpisodeBuffer">
            <summary>
            Gets or sets the minimum number of unwatched episodes to maintain in the queue.
            If unwatched count drops below this value, additional episodes will be monitored.
            Default is 2 episodes.
            </summary>
        </member>
        <member name="P:Jellyfin.Plugin.Jellypy.Configuration.PluginConfiguration.UnmonitorOnlyIfWatched">
            <summary>
            Gets or sets a value indicating whether to only unmonitor movies after they've been watched.
            When true, checks playback progress and only unmonitors if watch percentage exceeds threshold.
            When false, unmonitors immediately on playback start.
            Default is false.
            </summary>
        </member>
        <member name="P:Jellyfin.Plugin.Jellypy.Configuration.PluginConfiguration.MinimumWatchPercentage">
            <summary>
            Gets or sets the minimum watch percentage required to unmonitor a movie.
            Only used when UnmonitorOnlyIfWatched is true.
            Default is 90 percent.
            </summary>
        </member>
        <member name="P:Jellyfin.Plugin.Jellypy.Configuration.PluginConfiguration.UnmonitorAfterUpgrade">
            <summary>
            Gets or sets a value indicating whether to only unmonitor movies after they reach quality cutoff.
            When true, keeps movies monitored until they meet the quality profile cutoff.
            Default is false.
            </summary>
        </member>
        <member name="P:Jellyfin.Plugin.Jellypy.Configuration.PluginConfiguration.ScriptSettings">
            <summary>
            Gets the list of script settings for enhanced event handling.
            </summary>
        </member>
        <member name="P:Jellyfin.Plugin.Jellypy.Configuration.PluginConfiguration.GlobalSettings">
            <summary>
            Gets or sets global settings for script execution.
            </summary>
        </member>
        <member name="T:Jellyfin.Plugin.Jellypy.Configuration.ScriptSetting">
            <summary>
            Represents a script setting configuration.
            </summary>
        </member>
        <member name="P:Jellyfin.Plugin.Jellypy.Configuration.ScriptSetting.Id">
            <summary>
            Gets or sets the unique identifier for this script setting.
            </summary>
        </member>
        <member name="P:Jellyfin.Plugin.Jellypy.Configuration.ScriptSetting.Name">
            <summary>
            Gets or sets the name of this script setting.
            </summary>
        </member>
        <member name="P:Jellyfin.Plugin.Jellypy.Configuration.ScriptSetting.Description">
            <summary>
            Gets or sets the description of this script setting.
            </summary>
        </member>
        <member name="P:Jellyfin.Plugin.Jellypy.Configuration.ScriptSetting.Enabled">
            <summary>
            Gets or sets a value indicating whether this script setting is enabled.
            </summary>
        </member>
        <member name="P:Jellyfin.Plugin.Jellypy.Configuration.ScriptSetting.Triggers">
            <summary>
            Gets the list of event types that trigger this script.
            </summary>
        </member>
        <member name="P:Jellyfin.Plugin.Jellypy.Configuration.ScriptSetting.Conditions">
            <summary>
            Gets the execution conditions for this script.
            </summary>
        </member>
        <member name="P:Jellyfin.Plugin.Jellypy.Configuration.ScriptSetting.Execution">
            <summary>
            Gets or sets the script execution configuration.
            </summary>
        </member>
        <member name="P:Jellyfin.Plugin.Jellypy.Configuration.ScriptSetting.DataAttributes">
            <summary>
            Gets the data attributes to pass to the script.
            </summary>
        </member>
        <member name="P:Jellyfin.Plugin.Jellypy.Configuration.ScriptSetting.Priority">
            <summary>
            Gets or sets the priority of this script (lower numbers = higher priority).
            </summary>
        </member>
        <member name="T:Jellyfin.Plugin.Jellypy.Configuration.ExecutionCondition">
            <summary>
            Represents an execution condition for a script.
            </summary>
        </member>
        <member name="P:Jellyfin.Plugin.Jellypy.Configuration.ExecutionCondition.Field">
            <summary>
            Gets or sets the field to evaluate.
            </summary>
        </member>
        <member name="P:Jellyfin.Plugin.Jellypy.Configuration.ExecutionCondition.Operator">
            <summary>
            Gets or sets the operator for the condition.
            </summary>
        </member>
        <member name="P:Jellyfin.Plugin.Jellypy.Configuration.ExecutionCondition.Value">
            <summary>
            Gets or sets the value to compare against.
            </summary>
        </member>
        <member name="P:Jellyfin.Plugin.Jellypy.Configuration.ExecutionCondition.CaseSensitive">
            <summary>
            Gets or sets a value indicating whether this condition should be case-sensitive.
            </summary>
        </member>
        <member name="T:Jellyfin.Plugin.Jellypy.Configuration.ScriptExecution">
            <summary>
            Represents the execution configuration for a script.
            </summary>
        </member>
        <member name="P:Jellyfin.Plugin.Jellypy.Configuration.ScriptExecution.ExecutorType">
            <summary>
            Gets or sets the executor type (Python, PowerShell, etc.).
            </summary>
        </member>
        <member name="P:Jellyfin.Plugin.Jellypy.Configuration.ScriptExecution.ExecutablePath">
            <summary>
            Gets or sets the path to the script executable (python, powershell, etc.).
            </summary>
        </member>
        <member name="P:Jellyfin.Plugin.Jellypy.Configuration.ScriptExecution.ScriptPath">
            <summary>
            Gets or sets the path to the script file.
            </summary>
        </member>
        <member name="P:Jellyfin.Plugin.Jellypy.Configuration.ScriptExecution.WorkingDirectory">
            <summary>
            Gets or sets the working directory for script execution.
            </summary>
        </member>
        <member name="P:Jellyfin.Plugin.Jellypy.Configuration.ScriptExecution.AdditionalArguments">
            <summary>
            Gets or sets additional command line arguments.
            </summary>
        </member>
        <member name="P:Jellyfin.Plugin.Jellypy.Configuration.ScriptExecution.EnvironmentVariables">
            <summary>
            Gets the environment variables to set for the script.
            </summary>
        </member>
        <member name="P:Jellyfin.Plugin.Jellypy.Configuration.ScriptExecution.TimeoutSeconds">
            <summary>
            Gets or sets the timeout in seconds for script execution.
            </summary>
        </member>
        <member name="T:Jellyfin.Plugin.Jellypy.Configuration.ScriptDataElement">
            <summary>
            Represents a data element to pass to a script.
            </summary>
        </member>
        <member name="P:Jellyfin.Plugin.Jellypy.Configuration.ScriptDataElement.Name">
            <summary>
            Gets or sets the name of the attribute.
            </summary>
        </member>
        <member name="P:Jellyfin.Plugin.Jellypy.Configuration.ScriptDataElement.SourceField">
            <summary>
            Gets or sets the source field from the event data.
            </summary>
        </member>
        <member name="P:Jellyfin.Plugin.Jellypy.Configuration.ScriptDataElement.Format">
            <summary>
            Gets or sets the format for the attribute value.
            </summary>
        </member>
        <member name="P:Jellyfin.Plugin.Jellypy.Configuration.ScriptDataElement.Required">
            <summary>
            Gets or sets a value indicating whether gets or sets whether this attribute is required.
            </summary>
        </member>
        <member name="P:Jellyfin.Plugin.Jellypy.Configuration.ScriptDataElement.DefaultValue">
            <summary>
            Gets or sets the default value if the source field is empty.
            </summary>
        </member>
        <member name="T:Jellyfin.Plugin.Jellypy.Configuration.ConditionOperator">
            <summary>
            Enumeration of condition operators.
            </summary>
        </member>
        <member name="F:Jellyfin.Plugin.Jellypy.Configuration.ConditionOperator.Equals">
            <summary>
            Equals comparison.
            </summary>
        </member>
        <member name="F:Jellyfin.Plugin.Jellypy.Configuration.ConditionOperator.NotEquals">
            <summary>
            Not equals comparison.
            </summary>
        </member>
        <member name="F:Jellyfin.Plugin.Jellypy.Configuration.ConditionOperator.Contains">
            <summary>
            Contains comparison.
            </summary>
        </member>
        <member name="F:Jellyfin.Plugin.Jellypy.Configuration.ConditionOperator.NotContains">
            <summary>
            Does not contain comparison.
            </summary>
        </member>
        <member name="F:Jellyfin.Plugin.Jellypy.Configuration.ConditionOperator.StartsWith">
            <summary>
            Starts with comparison.
            </summary>
        </member>
        <member name="F:Jellyfin.Plugin.Jellypy.Configuration.ConditionOperator.EndsWith">
            <summary>
            Ends with comparison.
            </summary>
        </member>
        <member name="F:Jellyfin.Plugin.Jellypy.Configuration.ConditionOperator.Regex">
            <summary>
            Regular expression match.
            </summary>
        </member>
        <member name="F:Jellyfin.Plugin.Jellypy.Configuration.ConditionOperator.GreaterThan">
            <summary>
            Greater than comparison (for numeric values).
            </summary>
        </member>
        <member name="F:Jellyfin.Plugin.Jellypy.Configuration.ConditionOperator.LessThan">
            <summary>
            Less than comparison (for numeric values).
            </summary>
        </member>
        <member name="F:Jellyfin.Plugin.Jellypy.Configuration.ConditionOperator.In">
            <summary>
            In list comparison.
            </summary>
        </member>
        <member name="F:Jellyfin.Plugin.Jellypy.Configuration.ConditionOperator.NotIn">
            <summary>
            Not in list comparison.
            </summary>
        </member>
        <member name="T:Jellyfin.Plugin.Jellypy.Configuration.ScriptExecutorType">
            <summary>
            Enumeration of script executor types.
            </summary>
        </member>
        <member name="F:Jellyfin.Plugin.Jellypy.Configuration.ScriptExecutorType.Python">
            <summary>
            Python script execution.
            </summary>
        </member>
        <member name="F:Jellyfin.Plugin.Jellypy.Configuration.ScriptExecutorType.PowerShell">
            <summary>
            PowerShell script execution.
            </summary>
        </member>
        <member name="F:Jellyfin.Plugin.Jellypy.Configuration.ScriptExecutorType.Bash">
            <summary>
            Bash/shell script execution.
            </summary>
        </member>
        <member name="F:Jellyfin.Plugin.Jellypy.Configuration.ScriptExecutorType.NodeJs">
            <summary>
            Node.js script execution.
            </summary>
        </member>
        <member name="F:Jellyfin.Plugin.Jellypy.Configuration.ScriptExecutorType.Binary">
            <summary>
            Direct binary execution.
            </summary>
        </member>
        <member name="T:Jellyfin.Plugin.Jellypy.Configuration.EnvironmentVariable">
            <summary>
            Represents an environment variable for script execution.
            </summary>
        </member>
        <member name="P:Jellyfin.Plugin.Jellypy.Configuration.EnvironmentVariable.Name">
            <summary>
            Gets or sets the name of the environment variable.
            </summary>
        </member>
        <member name="P:Jellyfin.Plugin.Jellypy.Configuration.EnvironmentVariable.Value">
            <summary>
            Gets or sets the value of the environment variable.
            </summary>
        </member>
        <member name="T:Jellyfin.Plugin.Jellypy.Configuration.DataAttributeFormat">
            <summary>
            Enumeration of data attribute formats.
            </summary>
        </member>
        <member name="F:Jellyfin.Plugin.Jellypy.Configuration.DataAttributeFormat.String">
            <summary>
            Pass as string value.
            </summary>
        </member>
        <member name="F:Jellyfin.Plugin.Jellypy.Configuration.DataAttributeFormat.Json">
            <summary>
            Pass as JSON object.
            </summary>
        </member>
        <member name="F:Jellyfin.Plugin.Jellypy.Configuration.DataAttributeFormat.Environment">
            <summary>
            Pass as environment variable.
            </summary>
        </member>
        <member name="F:Jellyfin.Plugin.Jellypy.Configuration.DataAttributeFormat.Argument">
            <summary>
            Pass as command line argument.
            </summary>
        </member>
        <member name="T:Jellyfin.Plugin.Jellypy.EnhancedEntryPoint">
            <summary>
            Enhanced entry point that handles multiple Jellyfin event types.
            </summary>
        </member>
        <member name="M:Jellyfin.Plugin.Jellypy.EnhancedEntryPoint.#ctor(MediaBrowser.Controller.Session.ISessionManager,Microsoft.Extensions.DependencyInjection.IServiceScopeFactory,Microsoft.Extensions.Logging.ILogger{Jellyfin.Plugin.Jellypy.EnhancedEntryPoint})">
            <summary>
            Initializes a new instance of the <see cref="T:Jellyfin.Plugin.Jellypy.EnhancedEntryPoint"/> class.
            </summary>
            <param name="sessionManager">Session manager used to subscribe to playback events.</param>
            <param name="scopeFactory">Scope factory used to resolve scoped services.</param>
            <param name="logger">Logger instance.</param>
        </member>
        <member name="M:Jellyfin.Plugin.Jellypy.EnhancedEntryPoint.StartAsync(System.Threading.CancellationToken)">
            <inheritdoc/>
        </member>
        <member name="M:Jellyfin.Plugin.Jellypy.EnhancedEntryPoint.StopAsync(System.Threading.CancellationToken)">
            <inheritdoc/>
        </member>
        <member name="T:Jellyfin.Plugin.Jellypy.Events.EventData">
            <summary>
            Standardized event data structure for script execution.
            </summary>
        </member>
        <member name="P:Jellyfin.Plugin.Jellypy.Events.EventData.EventType">
            <summary>
            Gets or sets the event type.
            </summary>
        </member>
        <member name="P:Jellyfin.Plugin.Jellypy.Events.EventData.Timestamp">
            <summary>
            Gets or sets the timestamp when the event occurred.
            </summary>
        </member>
        <member name="P:Jellyfin.Plugin.Jellypy.Events.EventData.UserId">
            <summary>
            Gets or sets the user ID associated with the event (if applicable).
            </summary>
        </member>
        <member name="P:Jellyfin.Plugin.Jellypy.Events.EventData.UserName">
            <summary>
            Gets or sets the user name associated with the event (if applicable).
            </summary>
        </member>
        <member name="P:Jellyfin.Plugin.Jellypy.Events.EventData.SessionId">
            <summary>
            Gets or sets the session ID associated with the event (if applicable).
            </summary>
        </member>
        <member name="P:Jellyfin.Plugin.Jellypy.Events.EventData.ItemId">
            <summary>
            Gets or sets the media item ID (if applicable).
            </summary>
        </member>
        <member name="P:Jellyfin.Plugin.Jellypy.Events.EventData.ItemName">
            <summary>
            Gets or sets the media item name (if applicable).
            </summary>
        </member>
        <member name="P:Jellyfin.Plugin.Jellypy.Events.EventData.ItemType">
            <summary>
            Gets or sets the media item type (if applicable).
            </summary>
        </member>
        <member name="P:Jellyfin.Plugin.Jellypy.Events.EventData.ItemPath">
            <summary>
            Gets or sets the media item path (if applicable).
            </summary>
        </member>
        <member name="P:Jellyfin.Plugin.Jellypy.Events.EventData.LibraryId">
            <summary>
            Gets or sets the library ID (if applicable).
            </summary>
        </member>
        <member name="P:Jellyfin.Plugin.Jellypy.Events.EventData.LibraryName">
            <summary>
            Gets or sets the library name (if applicable).
            </summary>
        </member>
        <member name="P:Jellyfin.Plugin.Jellypy.Events.EventData.AdditionalData">
            <summary>
            Gets additional event-specific properties.
            </summary>
        </member>
        <member name="P:Jellyfin.Plugin.Jellypy.Events.EventData.PlaybackPositionTicks">
            <summary>
            Gets or sets playback position in ticks (for playback events).
            </summary>
        </member>
        <member name="P:Jellyfin.Plugin.Jellypy.Events.EventData.IsPaused">
            <summary>
            Gets or sets whether the playback is paused (for playback events).
            </summary>
        </member>
        <member name="P:Jellyfin.Plugin.Jellypy.Events.EventData.ClientName">
            <summary>
            Gets or sets the client name/application (if applicable).
            </summary>
        </member>
        <member name="P:Jellyfin.Plugin.Jellypy.Events.EventData.DeviceName">
            <summary>
            Gets or sets the device name (if applicable).
            </summary>
        </member>
        <member name="P:Jellyfin.Plugin.Jellypy.Events.EventData.DeviceId">
            <summary>
            Gets or sets the device ID (if applicable).
            </summary>
        </member>
        <member name="P:Jellyfin.Plugin.Jellypy.Events.EventData.SeriesName">
            <summary>
            Gets or sets the series name (for TV shows).
            </summary>
        </member>
        <member name="P:Jellyfin.Plugin.Jellypy.Events.EventData.SeasonNumber">
            <summary>
            Gets or sets the season number (for TV episodes).
            </summary>
        </member>
        <member name="P:Jellyfin.Plugin.Jellypy.Events.EventData.EpisodeNumber">
            <summary>
            Gets or sets the episode number (for TV episodes).
            </summary>
        </member>
        <member name="P:Jellyfin.Plugin.Jellypy.Events.EventData.Year">
            <summary>
            Gets or sets the movie year (for movies).
            </summary>
        </member>
        <member name="P:Jellyfin.Plugin.Jellypy.Events.EventData.Genres">
            <summary>
            Gets the genres.
            </summary>
        </member>
        <member name="P:Jellyfin.Plugin.Jellypy.Events.EventData.ContentRating">
            <summary>
            Gets or sets the content rating.
            </summary>
        </member>
        <member name="T:Jellyfin.Plugin.Jellypy.Events.EventType">
            <summary>
            Enumeration of supported event types for script execution.
            </summary>
        </member>
        <member name="F:Jellyfin.Plugin.Jellypy.Events.EventType.PlaybackStart">
            <summary>
            Playback has started.
            </summary>
        </member>
        <member name="F:Jellyfin.Plugin.Jellypy.Events.EventType.PlaybackStop">
            <summary>
            Playback has stopped.
            </summary>
        </member>
        <member name="F:Jellyfin.Plugin.Jellypy.Events.EventType.PlaybackPause">
            <summary>
            Playback has been paused.
            </summary>
        </member>
        <member name="F:Jellyfin.Plugin.Jellypy.Events.EventType.PlaybackResume">
            <summary>
            Playback has resumed from pause.
            </summary>
        </member>
        <member name="F:Jellyfin.Plugin.Jellypy.Events.EventType.ItemAdded">
            <summary>
            An item has been added to the library.
            </summary>
        </member>
        <member name="F:Jellyfin.Plugin.Jellypy.Events.EventType.ItemUpdated">
            <summary>
            An existing library item has been updated.
            </summary>
        </member>
        <member name="F:Jellyfin.Plugin.Jellypy.Events.EventType.ItemRemoved">
            <summary>
            An item has been removed from the library.
            </summary>
        </member>
        <member name="F:Jellyfin.Plugin.Jellypy.Events.EventType.UserCreated">
            <summary>
            A new user has been created.
            </summary>
        </member>
        <member name="F:Jellyfin.Plugin.Jellypy.Events.EventType.UserUpdated">
            <summary>
            An existing user has been updated.
            </summary>
        </member>
        <member name="F:Jellyfin.Plugin.Jellypy.Events.EventType.UserDeleted">
            <summary>
            A user has been deleted.
            </summary>
        </member>
        <member name="F:Jellyfin.Plugin.Jellypy.Events.EventType.SessionStart">
            <summary>
            A user session has started.
            </summary>
        </member>
        <member name="F:Jellyfin.Plugin.Jellypy.Events.EventType.SessionEnd">
            <summary>
            A user session has ended.
            </summary>
        </member>
        <member name="F:Jellyfin.Plugin.Jellypy.Events.EventType.ServerStartup">
            <summary>
            Server has started up.
            </summary>
        </member>
        <member name="F:Jellyfin.Plugin.Jellypy.Events.EventType.ServerShutdown">
            <summary>
            Server is shutting down.
            </summary>
        </member>
        <member name="T:Jellyfin.Plugin.Jellypy.Events.Handlers.PlaybackStartHandler">
            <summary>
            Handler for playback start events.
            </summary>
        </member>
        <member name="M:Jellyfin.Plugin.Jellypy.Events.Handlers.PlaybackStartHandler.#ctor(Microsoft.Extensions.Logging.ILogger{Jellyfin.Plugin.Jellypy.Events.Handlers.PlaybackStartHandler},Jellyfin.Plugin.Jellypy.Events.IScriptExecutionService,Jellyfin.Plugin.Jellypy.Services.Arr.IArrIntegrationService)">
            <summary>
            Initializes a new instance of the <see cref="T:Jellyfin.Plugin.Jellypy.Events.Handlers.PlaybackStartHandler"/> class.
            </summary>
            <param name="logger">The logger.</param>
            <param name="scriptExecutionService">The script execution service.</param>
            <param name="arrIntegrationService">The Arr integration service.</param>
        </member>
        <member name="P:Jellyfin.Plugin.Jellypy.Events.Handlers.PlaybackStartHandler.EventType">
            <inheritdoc />
        </member>
        <member name="M:Jellyfin.Plugin.Jellypy.Events.Handlers.PlaybackStartHandler.CanHandle(MediaBrowser.Controller.Library.PlaybackProgressEventArgs)">
            <inheritdoc />
        </member>
        <member name="M:Jellyfin.Plugin.Jellypy.Events.Handlers.PlaybackStartHandler.ExtractEventData(MediaBrowser.Controller.Library.PlaybackProgressEventArgs)">
            <inheritdoc />
        </member>
        <member name="M:Jellyfin.Plugin.Jellypy.Events.Handlers.PlaybackStartHandler.HandleAsync(MediaBrowser.Controller.Library.PlaybackProgressEventArgs)">
            <inheritdoc />
        </member>
        <member name="T:Jellyfin.Plugin.Jellypy.Events.Handlers.PlaybackStopHandler">
            <summary>
            Handler for playback stop events.
            </summary>
        </member>
        <member name="M:Jellyfin.Plugin.Jellypy.Events.Handlers.PlaybackStopHandler.#ctor(Microsoft.Extensions.Logging.ILogger{Jellyfin.Plugin.Jellypy.Events.Handlers.PlaybackStopHandler},Jellyfin.Plugin.Jellypy.Events.IScriptExecutionService,Jellyfin.Plugin.Jellypy.Services.Arr.IArrIntegrationService)">
            <summary>
            Initializes a new instance of the <see cref="T:Jellyfin.Plugin.Jellypy.Events.Handlers.PlaybackStopHandler"/> class.
            </summary>
            <param name="logger">The logger.</param>
            <param name="scriptExecutionService">The script execution service.</param>
            <param name="arrIntegrationService">The Arr integration service.</param>
        </member>
        <member name="P:Jellyfin.Plugin.Jellypy.Events.Handlers.PlaybackStopHandler.EventType">
            <inheritdoc />
        </member>
        <member name="M:Jellyfin.Plugin.Jellypy.Events.Handlers.PlaybackStopHandler.CanHandle(MediaBrowser.Controller.Library.PlaybackStopEventArgs)">
            <inheritdoc />
        </member>
        <member name="M:Jellyfin.Plugin.Jellypy.Events.Handlers.PlaybackStopHandler.ExtractEventData(MediaBrowser.Controller.Library.PlaybackStopEventArgs)">
            <inheritdoc />
        </member>
        <member name="M:Jellyfin.Plugin.Jellypy.Events.Handlers.PlaybackStopHandler.HandleAsync(MediaBrowser.Controller.Library.PlaybackStopEventArgs)">
            <inheritdoc />
        </member>
        <member name="T:Jellyfin.Plugin.Jellypy.Events.IEventProcessor`1">
            <summary>
            Generic event processor interface for processing various Jellyfin events.
            </summary>
            <typeparam name="T">The event arguments type.</typeparam>
        </member>
        <member name="P:Jellyfin.Plugin.Jellypy.Events.IEventProcessor`1.EventType">
            <summary>
            Gets the event type this handler processes.
            </summary>
        </member>
        <member name="M:Jellyfin.Plugin.Jellypy.Events.IEventProcessor`1.CanHandle(`0)">
            <summary>
            Determines if this handler should process the given event.
            </summary>
            <param name="eventArgs">The event arguments.</param>
            <returns>True if the handler should process the event, false otherwise.</returns>
        </member>
        <member name="M:Jellyfin.Plugin.Jellypy.Events.IEventProcessor`1.ExtractEventData(`0)">
            <summary>
            Processes the event and extracts relevant data.
            </summary>
            <param name="eventArgs">The event arguments.</param>
            <returns>The extracted event data.</returns>
        </member>
        <member name="M:Jellyfin.Plugin.Jellypy.Events.IEventProcessor`1.HandleAsync(`0)">
            <summary>
            Handles the event asynchronously.
            </summary>
            <param name="eventArgs">The event arguments.</param>
            <returns>A task representing the asynchronous operation.</returns>
        </member>
        <member name="T:Jellyfin.Plugin.Jellypy.Events.IScriptExecutionService">
            <summary>
            Service for executing scripts based on events.
            </summary>
        </member>
        <member name="M:Jellyfin.Plugin.Jellypy.Events.IScriptExecutionService.ExecuteScriptsAsync(Jellyfin.Plugin.Jellypy.Events.EventData)">
            <summary>
            Executes all configured scripts for the given event data.
            </summary>
            <param name="eventData">The event data.</param>
            <returns>A task representing the asynchronous operation.</returns>
        </member>
        <member name="T:Jellyfin.Plugin.Jellypy.Plugin">
            <summary>
            The main plugin.
            </summary>
        </member>
        <member name="M:Jellyfin.Plugin.Jellypy.Plugin.#ctor(MediaBrowser.Common.Configuration.IApplicationPaths,MediaBrowser.Model.Serialization.IXmlSerializer)">
            <summary>
            Initializes a new instance of the <see cref="T:Jellyfin.Plugin.Jellypy.Plugin"/> class.
            </summary>
            <param name="applicationPaths">Instance of the IApplicationPaths interface.</param>
            <param name="xmlSerializer">Instance of the IXmlSerializer interface.</param>
        </member>
        <member name="P:Jellyfin.Plugin.Jellypy.Plugin.Name">
            <inheritdoc />
        </member>
        <member name="P:Jellyfin.Plugin.Jellypy.Plugin.Id">
            <inheritdoc />
        </member>
        <member name="P:Jellyfin.Plugin.Jellypy.Plugin.Instance">
            <summary>
            Gets the current plugin instance.
            </summary>
        </member>
        <member name="M:Jellyfin.Plugin.Jellypy.Plugin.GetPages">
            <inheritdoc />
        </member>
        <member name="T:Jellyfin.Plugin.Jellypy.PluginServiceRegistrator">
            <summary>
            Register plugin services for enhanced event handling.
            </summary>
        </member>
        <member name="M:Jellyfin.Plugin.Jellypy.PluginServiceRegistrator.RegisterServices(Microsoft.Extensions.DependencyInjection.IServiceCollection,MediaBrowser.Controller.IServerApplicationHost)">
            <inheritdoc />
        </member>
        <member name="T:Jellyfin.Plugin.Jellypy.Services.Arr.ArrIntegrationService">
            <summary>
            Service for integrating with Sonarr and Radarr APIs.
            </summary>
        </member>
        <member name="M:Jellyfin.Plugin.Jellypy.Services.Arr.ArrIntegrationService.#ctor(Microsoft.Extensions.Logging.ILogger{Jellyfin.Plugin.Jellypy.Services.Arr.ArrIntegrationService},Jellyfin.Plugin.Jellypy.Services.Arr.ISonarrService,Jellyfin.Plugin.Jellypy.Services.Arr.IRadarrService)">
            <summary>
            Initializes a new instance of the <see cref="T:Jellyfin.Plugin.Jellypy.Services.Arr.ArrIntegrationService"/> class.
            </summary>
            <param name="logger">The logger.</param>
            <param name="sonarrService">The Sonarr service.</param>
            <param name="radarrService">The Radarr service.</param>
        </member>
        <member name="M:Jellyfin.Plugin.Jellypy.Services.Arr.ArrIntegrationService.ProcessPlaybackStartAsync(MediaBrowser.Controller.Entities.BaseItem)">
            <inheritdoc />
        </member>
        <member name="M:Jellyfin.Plugin.Jellypy.Services.Arr.ArrIntegrationService.ProcessPlaybackStopAsync(MediaBrowser.Controller.Entities.Movies.Movie,System.Double)">
            <inheritdoc />
        </member>
        <member name="T:Jellyfin.Plugin.Jellypy.Services.Arr.IArrIntegrationService">
            <summary>
            Service for integrating with Sonarr and Radarr APIs.
            </summary>
        </member>
        <member name="M:Jellyfin.Plugin.Jellypy.Services.Arr.IArrIntegrationService.ProcessPlaybackStartAsync(MediaBrowser.Controller.Entities.BaseItem)">
            <summary>
            Processes a media item when playback starts.
            For TV shows: monitors upcoming episodes in Sonarr.
            For movies: updates monitoring status in Radarr.
            </summary>
            <param name="item">The media item being played.</param>
            <returns>A task representing the asynchronous operation.</returns>
        </member>
        <member name="M:Jellyfin.Plugin.Jellypy.Services.Arr.IArrIntegrationService.ProcessPlaybackStopAsync(MediaBrowser.Controller.Entities.Movies.Movie,System.Double)">
            <summary>
            Processes a movie when playback stops.
            For movies: conditionally unmonitors based on watch percentage and quality cutoff.
            </summary>
            <param name="movie">The movie that finished playing.</param>
            <param name="watchPercentage">The percentage of the movie that was watched.</param>
            <returns>A task representing the asynchronous operation.</returns>
        </member>
        <member name="T:Jellyfin.Plugin.Jellypy.Services.Arr.IRadarrService">
            <summary>
            Service for interacting with Radarr API.
            </summary>
        </member>
        <member name="M:Jellyfin.Plugin.Jellypy.Services.Arr.IRadarrService.GetMovieIdByNameAsync(System.String)">
            <summary>
            Gets the Radarr movie ID from a movie name.
            </summary>
            <param name="movieName">The movie name to search for.</param>
            <returns>The Radarr movie ID, or null if not found.</returns>
        </member>
        <member name="M:Jellyfin.Plugin.Jellypy.Services.Arr.IRadarrService.SetMovieMonitoredAsync(System.Int32,System.Boolean)">
            <summary>
            Sets the monitored status of a movie.
            </summary>
            <param name="movieId">The movie ID.</param>
            <param name="monitored">Whether the movie should be monitored.</param>
            <returns>True if successful.</returns>
        </member>
        <member name="M:Jellyfin.Plugin.Jellypy.Services.Arr.IRadarrService.GetMovieDetailsAsync(System.Int32)">
            <summary>
            Gets detailed information about a movie including quality profile and file details.
            </summary>
            <param name="movieId">The movie ID.</param>
            <returns>The movie details, or null if not found.</returns>
        </member>
        <member name="T:Jellyfin.Plugin.Jellypy.Services.Arr.ISonarrService">
            <summary>
            Service for interacting with Sonarr API.
            </summary>
        </member>
        <member name="M:Jellyfin.Plugin.Jellypy.Services.Arr.ISonarrService.GetSeriesIdByNameAsync(System.String)">
            <summary>
            Gets the Sonarr series ID from a series name.
            </summary>
            <param name="seriesName">The series name to search for.</param>
            <returns>The Sonarr series ID, or null if not found.</returns>
        </member>
        <member name="M:Jellyfin.Plugin.Jellypy.Services.Arr.ISonarrService.GetSeriesIdByTvdbIdAsync(System.Int32)">
            <summary>
            Gets the Sonarr series ID from a TVDB ID.
            </summary>
            <param name="tvdbId">The TVDB ID.</param>
            <returns>The Sonarr series ID, or null if not found.</returns>
        </member>
        <member name="M:Jellyfin.Plugin.Jellypy.Services.Arr.ISonarrService.GetEpisodesAsync(System.Int32)">
            <summary>
            Gets all episodes for a series.
            </summary>
            <param name="seriesId">The Sonarr series ID.</param>
            <returns>A list of episodes.</returns>
        </member>
        <member name="M:Jellyfin.Plugin.Jellypy.Services.Arr.ISonarrService.SetEpisodeMonitoredAsync(System.Int32,System.Boolean)">
            <summary>
            Sets the monitored status of an episode.
            </summary>
            <param name="episodeId">The episode ID.</param>
            <param name="monitored">Whether the episode should be monitored.</param>
            <returns>True if successful.</returns>
        </member>
        <member name="M:Jellyfin.Plugin.Jellypy.Services.Arr.ISonarrService.SearchEpisodeAsync(System.Int32)">
            <summary>
            Triggers an automatic search for an episode.
            </summary>
            <param name="episodeId">The episode ID to search for.</param>
            <returns>True if the search was triggered successfully.</returns>
        </member>
        <member name="M:Jellyfin.Plugin.Jellypy.Services.Arr.ISonarrService.MonitorFutureEpisodesAsync(System.Int32)">
            <summary>
            Enables monitoring for all future episodes of a series.
            </summary>
            <param name="seriesId">The series ID.</param>
            <returns>True if successful.</returns>
        </member>
        <member name="M:Jellyfin.Plugin.Jellypy.Services.Arr.ISonarrService.GetSeriesAsync(System.Int32)">
            <summary>
            Gets series information.
            </summary>
            <param name="seriesId">The series ID.</param>
            <returns>The series information.</returns>
        </member>
        <member name="M:Jellyfin.Plugin.Jellypy.Services.Arr.ISonarrService.MonitorNewSeasonsAsync(System.Int32)">
            <summary>
            Updates series to monitor new items.
            </summary>
            <param name="seriesId">The series ID.</param>
            <returns>True if successful.</returns>
        </member>
        <member name="T:Jellyfin.Plugin.Jellypy.Services.Arr.RadarrMovie">
            <summary>
            Represents a Radarr movie.
            </summary>
        </member>
        <member name="P:Jellyfin.Plugin.Jellypy.Services.Arr.RadarrMovie.Id">
            <summary>
            Gets or sets the Radarr movie ID.
            </summary>
        </member>
        <member name="P:Jellyfin.Plugin.Jellypy.Services.Arr.RadarrMovie.Title">
            <summary>
            Gets or sets the movie title.
            </summary>
        </member>
        <member name="P:Jellyfin.Plugin.Jellypy.Services.Arr.RadarrMovie.Monitored">
            <summary>
            Gets or sets a value indicating whether the movie is monitored.
            </summary>
        </member>
        <member name="P:Jellyfin.Plugin.Jellypy.Services.Arr.RadarrMovie.HasFile">
            <summary>
            Gets or sets a value indicating whether the movie has a file.
            </summary>
        </member>
        <member name="T:Jellyfin.Plugin.Jellypy.Services.Arr.UpdateMoviesRequest">
            <summary>
            Request to update movies.
            </summary>
        </member>
        <member name="P:Jellyfin.Plugin.Jellypy.Services.Arr.UpdateMoviesRequest.MovieIds">
            <summary>
            Gets or sets the movie IDs to update.
            </summary>
        </member>
        <member name="P:Jellyfin.Plugin.Jellypy.Services.Arr.UpdateMoviesRequest.Monitored">
            <summary>
            Gets or sets a value indicating whether movies should be monitored.
            </summary>
        </member>
        <member name="T:Jellyfin.Plugin.Jellypy.Services.Arr.RadarrMovieDetails">
            <summary>
            Represents detailed information about a Radarr movie including quality profile.
            </summary>
        </member>
        <member name="P:Jellyfin.Plugin.Jellypy.Services.Arr.RadarrMovieDetails.Id">
            <summary>
            Gets or sets the Radarr movie ID.
            </summary>
        </member>
        <member name="P:Jellyfin.Plugin.Jellypy.Services.Arr.RadarrMovieDetails.Title">
            <summary>
            Gets or sets the movie title.
            </summary>
        </member>
        <member name="P:Jellyfin.Plugin.Jellypy.Services.Arr.RadarrMovieDetails.Monitored">
            <summary>
            Gets or sets a value indicating whether the movie is monitored.
            </summary>
        </member>
        <member name="P:Jellyfin.Plugin.Jellypy.Services.Arr.RadarrMovieDetails.QualityProfileId">
            <summary>
            Gets or sets the quality profile ID.
            </summary>
        </member>
        <member name="P:Jellyfin.Plugin.Jellypy.Services.Arr.RadarrMovieDetails.HasFile">
            <summary>
            Gets or sets a value indicating whether the movie has a file.
            </summary>
        </member>
        <member name="P:Jellyfin.Plugin.Jellypy.Services.Arr.RadarrMovieDetails.MovieFile">
            <summary>
            Gets or sets the movie file information.
            </summary>
        </member>
        <member name="P:Jellyfin.Plugin.Jellypy.Services.Arr.RadarrMovieDetails.HasReachedQualityCutoff">
            <summary>
            Gets a value indicating whether the movie has reached its quality cutoff.
            This is determined by comparing the current file quality to the cutoff of the quality profile.
            </summary>
        </member>
        <member name="T:Jellyfin.Plugin.Jellypy.Services.Arr.RadarrMovieFile">
            <summary>
            Represents a movie file in Radarr.
            </summary>
        </member>
        <member name="P:Jellyfin.Plugin.Jellypy.Services.Arr.RadarrMovieFile.Id">
            <summary>
            Gets or sets the file ID.
            </summary>
        </member>
        <member name="P:Jellyfin.Plugin.Jellypy.Services.Arr.RadarrMovieFile.Quality">
            <summary>
            Gets or sets the quality information.
            </summary>
        </member>
        <member name="P:Jellyfin.Plugin.Jellypy.Services.Arr.RadarrMovieFile.QualityCutoffNotMet">
            <summary>
            Gets or sets a value indicating whether the quality cutoff has not been met.
            When false, the movie has reached its quality cutoff and won't be upgraded.
            </summary>
        </member>
        <member name="T:Jellyfin.Plugin.Jellypy.Services.Arr.RadarrQuality">
            <summary>
            Represents quality information for a movie file.
            </summary>
        </member>
        <member name="P:Jellyfin.Plugin.Jellypy.Services.Arr.RadarrQuality.QualityDefinition">
            <summary>
            Gets or sets the quality definition.
            </summary>
        </member>
        <member name="T:Jellyfin.Plugin.Jellypy.Services.Arr.RadarrQualityDefinition">
            <summary>
            Represents a quality definition.
            </summary>
        </member>
        <member name="P:Jellyfin.Plugin.Jellypy.Services.Arr.RadarrQualityDefinition.Id">
            <summary>
            Gets or sets the quality ID.
            </summary>
        </member>
        <member name="P:Jellyfin.Plugin.Jellypy.Services.Arr.RadarrQualityDefinition.Name">
            <summary>
            Gets or sets the quality name.
            </summary>
        </member>
        <member name="T:Jellyfin.Plugin.Jellypy.Services.Arr.RadarrService">
            <summary>
            Service for interacting with Radarr API.
            </summary>
        </member>
        <member name="M:Jellyfin.Plugin.Jellypy.Services.Arr.RadarrService.#ctor(Microsoft.Extensions.Logging.ILogger{Jellyfin.Plugin.Jellypy.Services.Arr.RadarrService},System.Net.Http.IHttpClientFactory)">
            <summary>
            Initializes a new instance of the <see cref="T:Jellyfin.Plugin.Jellypy.Services.Arr.RadarrService"/> class.
            </summary>
            <param name="logger">The logger.</param>
            <param name="httpClientFactory">The HTTP client factory.</param>
        </member>
        <member name="M:Jellyfin.Plugin.Jellypy.Services.Arr.RadarrService.GetMovieIdByNameAsync(System.String)">
            <inheritdoc />
        </member>
        <member name="M:Jellyfin.Plugin.Jellypy.Services.Arr.RadarrService.SetMovieMonitoredAsync(System.Int32,System.Boolean)">
            <inheritdoc />
        </member>
        <member name="M:Jellyfin.Plugin.Jellypy.Services.Arr.RadarrService.GetMovieDetailsAsync(System.Int32)">
            <inheritdoc />
        </member>
        <member name="T:Jellyfin.Plugin.Jellypy.Services.Arr.SonarrSeries">
            <summary>
            Represents a Sonarr series.
            </summary>
        </member>
        <member name="P:Jellyfin.Plugin.Jellypy.Services.Arr.SonarrSeries.Id">
            <summary>
            Gets or sets the Sonarr series ID.
            </summary>
        </member>
        <member name="P:Jellyfin.Plugin.Jellypy.Services.Arr.SonarrSeries.Title">
            <summary>
            Gets or sets the series title.
            </summary>
        </member>
        <member name="P:Jellyfin.Plugin.Jellypy.Services.Arr.SonarrSeries.TvdbId">
            <summary>
            Gets or sets the TVDB ID.
            </summary>
        </member>
        <member name="P:Jellyfin.Plugin.Jellypy.Services.Arr.SonarrSeries.Monitored">
            <summary>
            Gets or sets a value indicating whether the series is monitored.
            </summary>
        </member>
        <member name="P:Jellyfin.Plugin.Jellypy.Services.Arr.SonarrSeries.MonitorNewItems">
            <summary>
            Gets or sets the monitoring option for new items.
            </summary>
        </member>
        <member name="T:Jellyfin.Plugin.Jellypy.Services.Arr.SonarrEpisode">
            <summary>
            Represents a Sonarr episode.
            </summary>
        </member>
        <member name="P:Jellyfin.Plugin.Jellypy.Services.Arr.SonarrEpisode.Id">
            <summary>
            Gets or sets the episode ID.
            </summary>
        </member>
        <member name="P:Jellyfin.Plugin.Jellypy.Services.Arr.SonarrEpisode.SeriesId">
            <summary>
            Gets or sets the series ID.
            </summary>
        </member>
        <member name="P:Jellyfin.Plugin.Jellypy.Services.Arr.SonarrEpisode.EpisodeNumber">
            <summary>
            Gets or sets the episode number.
            </summary>
        </member>
        <member name="P:Jellyfin.Plugin.Jellypy.Services.Arr.SonarrEpisode.SeasonNumber">
            <summary>
            Gets or sets the season number.
            </summary>
        </member>
        <member name="P:Jellyfin.Plugin.Jellypy.Services.Arr.SonarrEpisode.Title">
            <summary>
            Gets or sets the episode title.
            </summary>
        </member>
        <member name="P:Jellyfin.Plugin.Jellypy.Services.Arr.SonarrEpisode.HasFile">
            <summary>
            Gets or sets a value indicating whether the episode has a file.
            </summary>
        </member>
        <member name="P:Jellyfin.Plugin.Jellypy.Services.Arr.SonarrEpisode.Monitored">
            <summary>
            Gets or sets a value indicating whether the episode is monitored.
            </summary>
        </member>
        <member name="T:Jellyfin.Plugin.Jellypy.Services.Arr.MonitorEpisodesRequest">
            <summary>
            Request to monitor episodes.
            </summary>
        </member>
        <member name="P:Jellyfin.Plugin.Jellypy.Services.Arr.MonitorEpisodesRequest.EpisodeIds">
            <summary>
            Gets or sets the episode IDs to monitor.
            </summary>
        </member>
        <member name="P:Jellyfin.Plugin.Jellypy.Services.Arr.MonitorEpisodesRequest.Monitored">
            <summary>
            Gets or sets a value indicating whether episodes should be monitored.
            </summary>
        </member>
        <member name="T:Jellyfin.Plugin.Jellypy.Services.Arr.EpisodeSearchCommand">
            <summary>
            Command request for episode search.
            </summary>
        </member>
        <member name="P:Jellyfin.Plugin.Jellypy.Services.Arr.EpisodeSearchCommand.Name">
            <summary>
            Gets or sets the command name.
            </summary>
        </member>
        <member name="P:Jellyfin.Plugin.Jellypy.Services.Arr.EpisodeSearchCommand.EpisodeIds">
            <summary>
            Gets or sets the episode IDs to search.
            </summary>
        </member>
        <member name="T:Jellyfin.Plugin.Jellypy.Services.Arr.MonitorFutureRequest">
            <summary>
            Request for monitoring future episodes.
            </summary>
        </member>
        <member name="P:Jellyfin.Plugin.Jellypy.Services.Arr.MonitorFutureRequest.Series">
            <summary>
            Gets or sets the series IDs.
            </summary>
        </member>
        <member name="P:Jellyfin.Plugin.Jellypy.Services.Arr.MonitorFutureRequest.MonitoringOptions">
            <summary>
            Gets or sets the monitoring options.
            </summary>
        </member>
        <member name="T:Jellyfin.Plugin.Jellypy.Services.Arr.SeriesIdWrapper">
            <summary>
            Wrapper for series ID.
            </summary>
        </member>
        <member name="P:Jellyfin.Plugin.Jellypy.Services.Arr.SeriesIdWrapper.Id">
            <summary>
            Gets or sets the series ID.
            </summary>
        </member>
        <member name="T:Jellyfin.Plugin.Jellypy.Services.Arr.MonitoringOptions">
            <summary>
            Monitoring options.
            </summary>
        </member>
        <member name="P:Jellyfin.Plugin.Jellypy.Services.Arr.MonitoringOptions.Monitor">
            <summary>
            Gets or sets the monitor type.
            </summary>
        </member>
        <member name="T:Jellyfin.Plugin.Jellypy.Services.Arr.SonarrService">
            <summary>
            Service for interacting with Sonarr API.
            </summary>
        </member>
        <member name="M:Jellyfin.Plugin.Jellypy.Services.Arr.SonarrService.#ctor(Microsoft.Extensions.Logging.ILogger{Jellyfin.Plugin.Jellypy.Services.Arr.SonarrService},System.Net.Http.IHttpClientFactory)">
            <summary>
            Initializes a new instance of the <see cref="T:Jellyfin.Plugin.Jellypy.Services.Arr.SonarrService"/> class.
            </summary>
            <param name="logger">The logger.</param>
            <param name="httpClientFactory">The HTTP client factory.</param>
        </member>
        <member name="M:Jellyfin.Plugin.Jellypy.Services.Arr.SonarrService.GetSeriesIdByNameAsync(System.String)">
            <inheritdoc />
        </member>
        <member name="M:Jellyfin.Plugin.Jellypy.Services.Arr.SonarrService.GetSeriesIdByTvdbIdAsync(System.Int32)">
            <inheritdoc />
        </member>
        <member name="M:Jellyfin.Plugin.Jellypy.Services.Arr.SonarrService.GetEpisodesAsync(System.Int32)">
            <inheritdoc />
        </member>
        <member name="M:Jellyfin.Plugin.Jellypy.Services.Arr.SonarrService.SetEpisodeMonitoredAsync(System.Int32,System.Boolean)">
            <inheritdoc />
        </member>
        <member name="M:Jellyfin.Plugin.Jellypy.Services.Arr.SonarrService.SearchEpisodeAsync(System.Int32)">
            <inheritdoc />
        </member>
        <member name="M:Jellyfin.Plugin.Jellypy.Services.Arr.SonarrService.MonitorFutureEpisodesAsync(System.Int32)">
            <inheritdoc />
        </member>
        <member name="M:Jellyfin.Plugin.Jellypy.Services.Arr.SonarrService.GetSeriesAsync(System.Int32)">
            <inheritdoc />
        </member>
        <member name="M:Jellyfin.Plugin.Jellypy.Services.Arr.SonarrService.MonitorNewSeasonsAsync(System.Int32)">
            <inheritdoc />
        </member>
        <member name="T:Jellyfin.Plugin.Jellypy.Services.ConditionEvaluator">
            <summary>
            Service for evaluating execution conditions against event data.
            </summary>
        </member>
        <member name="M:Jellyfin.Plugin.Jellypy.Services.ConditionEvaluator.#ctor(Microsoft.Extensions.Logging.ILogger{Jellyfin.Plugin.Jellypy.Services.ConditionEvaluator})">
            <summary>
            Initializes a new instance of the <see cref="T:Jellyfin.Plugin.Jellypy.Services.ConditionEvaluator"/> class.
            </summary>
            <param name="logger">The logger.</param>
        </member>
        <member name="M:Jellyfin.Plugin.Jellypy.Services.ConditionEvaluator.EvaluateConditions(System.Collections.Generic.IEnumerable{Jellyfin.Plugin.Jellypy.Configuration.ExecutionCondition},Jellyfin.Plugin.Jellypy.Events.EventData)">
            <summary>
            Evaluates whether all conditions are met for the given event data.
            </summary>
            <param name="conditions">The conditions to evaluate.</param>
            <param name="eventData">The event data to evaluate against.</param>
            <returns>True if all conditions are met, false otherwise.</returns>
        </member>
        <member name="M:Jellyfin.Plugin.Jellypy.Services.ConditionEvaluator.EvaluateCondition(Jellyfin.Plugin.Jellypy.Configuration.ExecutionCondition,Jellyfin.Plugin.Jellypy.Events.EventData)">
            <summary>
            Evaluates a single condition against event data.
            </summary>
            <param name="condition">The condition to evaluate.</param>
            <param name="eventData">The event data to evaluate against.</param>
            <returns>True if the condition is met, false otherwise.</returns>
        </member>
        <member name="T:Jellyfin.Plugin.Jellypy.Services.DataAttributeProcessor">
            <summary>
            Service for processing data attributes and converting them to script arguments and environment variables.
            </summary>
        </member>
        <member name="M:Jellyfin.Plugin.Jellypy.Services.DataAttributeProcessor.#ctor(Microsoft.Extensions.Logging.ILogger{Jellyfin.Plugin.Jellypy.Services.DataAttributeProcessor})">
            <summary>
            Initializes a new instance of the <see cref="T:Jellyfin.Plugin.Jellypy.Services.DataAttributeProcessor"/> class.
            </summary>
            <param name="logger">The logger.</param>
        </member>
        <member name="M:Jellyfin.Plugin.Jellypy.Services.DataAttributeProcessor.ProcessDataAttributes(System.Collections.Generic.IEnumerable{Jellyfin.Plugin.Jellypy.Configuration.ScriptDataElement},Jellyfin.Plugin.Jellypy.Events.EventData)">
            <summary>
            Processes data attributes and returns script arguments and environment variables.
            </summary>
            <param name="dataAttributes">The data attributes to process.</param>
            <param name="eventData">The event data to extract values from.</param>
            <returns>A tuple containing arguments and environment variables.</returns>
        </member>
        <member name="M:Jellyfin.Plugin.Jellypy.Services.DataAttributeProcessor.CreateDefaultDataAttributes(Jellyfin.Plugin.Jellypy.Events.EventType)">
            <summary>
            Creates default data attributes for common use cases.
            </summary>
            <param name="eventType">The event type to create attributes for.</param>
            <returns>A collection of default data elements.</returns>
        </member>
        <member name="T:Jellyfin.Plugin.Jellypy.Services.ScriptExecutionService">
            <summary>
            Service responsible for executing scripts based on events.
            </summary>
        </member>
        <member name="M:Jellyfin.Plugin.Jellypy.Services.ScriptExecutionService.#ctor(Microsoft.Extensions.Logging.ILogger{Jellyfin.Plugin.Jellypy.Services.ScriptExecutionService},Jellyfin.Plugin.Jellypy.Services.ConditionEvaluator,Jellyfin.Plugin.Jellypy.Services.DataAttributeProcessor)">
            <summary>
            Initializes a new instance of the <see cref="T:Jellyfin.Plugin.Jellypy.Services.ScriptExecutionService"/> class.
            </summary>
            <param name="logger">The logger.</param>
            <param name="conditionEvaluator">The condition evaluator service.</param>
            <param name="dataAttributeProcessor">The data attribute processor service.</param>
        </member>
        <member name="M:Jellyfin.Plugin.Jellypy.Services.ScriptExecutionService.ExecuteScriptsAsync(Jellyfin.Plugin.Jellypy.Events.EventData)">
            <inheritdoc />
        </member>
        <member name="M:Jellyfin.Plugin.Jellypy.Services.ScriptExecutionService.ResolvePythonPath">
            <summary>
            Resolves Python executable path with multiple fallback strategies.
            </summary>
        </member>
        <member name="M:Jellyfin.Plugin.Jellypy.Services.ScriptExecutionService.ResolvePowerShellPath">
            <summary>
            Resolves PowerShell executable path.
            </summary>
        </member>
        <member name="M:Jellyfin.Plugin.Jellypy.Services.ScriptExecutionService.ResolveBashPath">
            <summary>
            Resolves Bash executable path.
            </summary>
        </member>
        <member name="M:Jellyfin.Plugin.Jellypy.Services.ScriptExecutionService.ResolveNodePath">
            <summary>
            Resolves Node.js executable path.
            </summary>
        </member>
        <member name="M:Jellyfin.Plugin.Jellypy.Services.ScriptExecutionService.IsPythonExecutable(System.String)">
            <summary>
            Checks if a path points to a valid Python executable.
            </summary>
        </member>
        <member name="M:Jellyfin.Plugin.Jellypy.Services.ScriptExecutionService.IsExecutableAvailable(System.String)">
            <summary>
            Checks if an executable is available on the system.
            </summary>
        </member>
        <member name="M:Jellyfin.Plugin.Jellypy.Services.ScriptExecutionService.LogPythonDiagnostics">
            <summary>
            Logs diagnostic information to help with troubleshooting Python detection.
            </summary>
        </member>
        <member name="M:Jellyfin.Plugin.Jellypy.Services.ScriptExecutionService.Dispose">
            <inheritdoc />
        </member>
        <member name="M:Jellyfin.Plugin.Jellypy.Services.ScriptExecutionService.Dispose(System.Boolean)">
            <summary>
            Performs application-defined tasks associated with freeing, releasing, or resetting unmanaged resources.
            </summary>
            <param name="disposing">True if disposing from user code, false if called from finalizer.</param>
        </member>
    </members>
</doc>
